id,metric,value,syl
participant_1,Cond Corr,0.5,0.34375
participant_1,Cond Is NVC,0.0,0.34375
participant_1,Spatial Corr,0.40625,0.34375
participant_1,Spatial Is NVC,0.21875,0.34375
participant_1,Arrange (Verify),0.55,0.34375
participant_1,Arrange (Is PMM),0.2,0.34375
participant_1,Arrange (Order),0.25,0.34375
participant_1,Carddir NVC,0.0,0.34375
participant_1,CRT,0.2857142857142857,0.34375
participant_1,Mental Rot,9.0,0.34375
participant_1,verbal subst,0.25,0.34375
participant_1,Corsi,7.0,0.34375
participant_1,Syl Jaccard,0.3333333333333333,0.34375
participant_1,Syl Corr Set,0.34375,0.34375
participant_1,Syl Corr MAE,0.806640625,0.34375
participant_1,Syl Is NVC,0.421875,0.34375
participant_1,Wason,0.3333333333333333,0.34375
participant_10,Cond Corr,0.5,0.17578125
participant_10,Cond Is NVC,0.25,0.17578125
participant_10,Spatial Corr,0.40625,0.17578125
participant_10,Spatial Is NVC,0.0,0.17578125
participant_10,Arrange (Verify),0.7,0.17578125
participant_10,Arrange (Is PMM),0.35,0.17578125
participant_10,Arrange (Order),0.5,0.17578125
participant_10,Carddir NVC,0.15625,0.17578125
participant_10,CRT,0.5714285714285714,0.17578125
participant_10,Mental Rot,9.0,0.17578125
participant_10,verbal subst,0.375,0.17578125
participant_10,Corsi,7.0,0.17578125
participant_10,Syl Jaccard,0.13671875,0.17578125
participant_10,Syl Corr Set,0.17578125,0.17578125
participant_10,Syl Corr MAE,0.62109375,0.17578125
participant_10,Syl Is NVC,0.09375,0.17578125
participant_10,Wason,0.5,0.17578125
participant_100,Cond Corr,0.5,0.296875
participant_100,Cond Is NVC,0.0,0.296875
participant_100,Spatial Corr,0.40625,0.296875
participant_100,Spatial Is NVC,0.0,0.296875
participant_100,Arrange (Verify),0.6,0.296875
participant_100,Arrange (Is PMM),0.35,0.296875
participant_100,Arrange (Order),0.4,0.296875
participant_100,Carddir NVC,0.0,0.296875
participant_100,CRT,0.5714285714285714,0.296875
participant_100,Mental Rot,0.0,0.296875
participant_100,verbal subst,0.0,0.296875
participant_100,Corsi,7.0,0.296875
participant_100,Syl Jaccard,0.26953125,0.296875
participant_100,Syl Corr Set,0.296875,0.296875
participant_100,Syl Corr MAE,0.837890625,0.296875
participant_100,Syl Is NVC,0.515625,0.296875
participant_100,Wason,0.5,0.296875
participant_101,Cond Corr,0.375,0.29166666666666663
participant_101,Cond Is NVC,0.375,0.29166666666666663
participant_101,Spatial Corr,0.46875,0.29166666666666663
participant_101,Spatial Is NVC,0.1875,0.29166666666666663
participant_101,Arrange (Verify),0.7,0.29166666666666663
participant_101,Arrange (Is PMM),0.3,0.29166666666666663
participant_101,Arrange (Order),0.5,0.29166666666666663
participant_101,Carddir NVC,0.09375,0.29166666666666663
participant_101,CRT,0.7142857142857143,0.29166666666666663
participant_101,Mental Rot,3.0,0.29166666666666663
participant_101,verbal subst,0.5,0.29166666666666663
participant_101,Corsi,6.0,0.29166666666666663
participant_101,Syl Jaccard,0.26041666666666663,0.29166666666666663
participant_101,Syl Corr Set,0.29166666666666663,0.29166666666666663
participant_101,Syl Corr MAE,0.75390625,0.29166666666666663
participant_101,Syl Is NVC,0.375,0.29166666666666663
participant_101,Wason,1.0,0.29166666666666663
participant_102,Cond Corr,0.5,0.328125
participant_102,Cond Is NVC,0.0,0.328125
participant_102,Spatial Corr,0.3125,0.328125
participant_102,Spatial Is NVC,0.09375,0.328125
participant_102,Arrange (Verify),0.8,0.328125
participant_102,Arrange (Is PMM),0.4,0.328125
participant_102,Arrange (Order),0.5,0.328125
participant_102,Carddir NVC,0.0,0.328125
participant_102,CRT,0.5714285714285714,0.328125
participant_102,Mental Rot,2.0,0.328125
participant_102,verbal subst,0.125,0.328125
participant_102,Corsi,7.0,0.328125
participant_102,Syl Jaccard,0.25260416666666663,0.328125
participant_102,Syl Corr Set,0.328125,0.328125
participant_102,Syl Corr MAE,0.802734375,0.328125
participant_102,Syl Is NVC,0.09375,0.328125
participant_102,Wason,0.0,0.328125
participant_104,Cond Corr,0.5,0.20833333333333331
participant_104,Cond Is NVC,0.0,0.20833333333333331
participant_104,Spatial Corr,0.375,0.20833333333333331
participant_104,Spatial Is NVC,0.0625,0.20833333333333331
participant_104,Arrange (Verify),0.85,0.20833333333333331
participant_104,Arrange (Is PMM),0.35,0.20833333333333331
participant_104,Arrange (Order),0.6,0.20833333333333331
participant_104,Carddir NVC,0.09375,0.20833333333333331
participant_104,CRT,0.42857142857142855,0.20833333333333331
participant_104,Mental Rot,2.0,0.20833333333333331
participant_104,verbal subst,0.625,0.20833333333333331
participant_104,Corsi,6.0,0.20833333333333331
participant_104,Syl Jaccard,0.18854166666666666,0.20833333333333331
participant_104,Syl Corr Set,0.20833333333333331,0.20833333333333331
participant_104,Syl Corr MAE,0.740234375,0.20833333333333331
participant_104,Syl Is NVC,0.21875,0.20833333333333331
participant_104,Wason,0.5,0.20833333333333331
participant_109,Cond Corr,0.0,0.20182291666666666
participant_109,Cond Is NVC,0.125,0.20182291666666666
participant_109,Spatial Corr,0.34375,0.20182291666666666
participant_109,Spatial Is NVC,0.125,0.20182291666666666
participant_109,Arrange (Verify),0.45,0.20182291666666666
participant_109,Arrange (Is PMM),0.25,0.20182291666666666
participant_109,Arrange (Order),0.45,0.20182291666666666
participant_109,Carddir NVC,0.0625,0.20182291666666666
participant_109,CRT,1.0,0.20182291666666666
participant_109,Mental Rot,1.0,0.20182291666666666
participant_109,verbal subst,0.0,0.20182291666666666
participant_109,Corsi,6.0,0.20182291666666666
participant_109,Syl Jaccard,0.16197916666666667,0.20182291666666666
participant_109,Syl Corr Set,0.20182291666666666,0.20182291666666666
participant_109,Syl Corr MAE,0.78515625,0.20182291666666666
participant_109,Syl Is NVC,0.125,0.20182291666666666
participant_109,Wason,0.5,0.20182291666666666
participant_11,Cond Corr,0.5,0.34375
participant_11,Cond Is NVC,0.0,0.34375
participant_11,Spatial Corr,0.625,0.34375
participant_11,Spatial Is NVC,0.15625,0.34375
participant_11,Arrange (Verify),0.6,0.34375
participant_11,Arrange (Is PMM),0.3,0.34375
participant_11,Arrange (Order),0.35,0.34375
participant_11,Carddir NVC,0.3125,0.34375
participant_11,CRT,0.2857142857142857,0.34375
participant_11,Mental Rot,12.0,0.34375
participant_11,verbal subst,0.375,0.34375
participant_11,Corsi,8.0,0.34375
participant_11,Syl Jaccard,0.26171875,0.34375
participant_11,Syl Corr Set,0.34375,0.34375
participant_11,Syl Corr MAE,0.810546875,0.34375
participant_11,Syl Is NVC,0.3125,0.34375
participant_11,Wason,0.5,0.34375
participant_111,Cond Corr,0.75,0.34895833333333337
participant_111,Cond Is NVC,0.5,0.34895833333333337
participant_111,Spatial Corr,0.40625,0.34895833333333337
participant_111,Spatial Is NVC,0.15625,0.34895833333333337
participant_111,Arrange (Verify),0.4,0.34895833333333337
participant_111,Arrange (Is PMM),0.05,0.34895833333333337
participant_111,Arrange (Order),0.05,0.34895833333333337
participant_111,Carddir NVC,0.0,0.34895833333333337
participant_111,CRT,0.8571428571428571,0.34895833333333337
participant_111,Mental Rot,5.0,0.34895833333333337
participant_111,verbal subst,0.75,0.34895833333333337
participant_111,Corsi,7.0,0.34895833333333337
participant_111,Syl Jaccard,0.2786458333333333,0.34895833333333337
participant_111,Syl Corr Set,0.34895833333333337,0.34895833333333337
participant_111,Syl Corr MAE,0.818359375,0.34895833333333337
participant_111,Syl Is NVC,0.125,0.34895833333333337
participant_111,Wason,1.0,0.34895833333333337
participant_113,Cond Corr,0.5,0.39166666666666666
participant_113,Cond Is NVC,0.0,0.39166666666666666
participant_113,Spatial Corr,0.375,0.39166666666666666
participant_113,Spatial Is NVC,0.03125,0.39166666666666666
participant_113,Arrange (Verify),0.75,0.39166666666666666
participant_113,Arrange (Is PMM),0.4,0.39166666666666666
participant_113,Arrange (Order),0.55,0.39166666666666666
participant_113,Carddir NVC,0.0,0.39166666666666666
participant_113,CRT,0.8571428571428571,0.39166666666666666
participant_113,Mental Rot,1.0,0.39166666666666666
participant_113,verbal subst,0.875,0.39166666666666666
participant_113,Corsi,10.0,0.39166666666666666
participant_113,Syl Jaccard,0.36796874999999996,0.39166666666666666
participant_113,Syl Corr Set,0.39166666666666666,0.39166666666666666
participant_113,Syl Corr MAE,0.734375,0.39166666666666666
participant_113,Syl Is NVC,0.328125,0.39166666666666666
participant_113,Wason,0.5,0.39166666666666666
participant_12,Cond Corr,0.5,0.42578125
participant_12,Cond Is NVC,0.0,0.42578125
participant_12,Spatial Corr,0.78125,0.42578125
participant_12,Spatial Is NVC,0.21875,0.42578125
participant_12,Arrange (Verify),0.95,0.42578125
participant_12,Arrange (Is PMM),0.75,0.42578125
participant_12,Arrange (Order),0.9,0.42578125
participant_12,Carddir NVC,0.0625,0.42578125
participant_12,CRT,0.7142857142857143,0.42578125
participant_12,Mental Rot,4.0,0.42578125
participant_12,verbal subst,0.125,0.42578125
participant_12,Corsi,7.0,0.42578125
participant_12,Syl Jaccard,0.4125,0.42578125
participant_12,Syl Corr Set,0.42578125,0.42578125
participant_12,Syl Corr MAE,0.7734375,0.42578125
participant_12,Syl Is NVC,0.515625,0.42578125
participant_12,Wason,0.5,0.42578125
participant_13,Cond Corr,0.5,0.4153645833333333
participant_13,Cond Is NVC,0.0,0.4153645833333333
participant_13,Spatial Corr,0.46875,0.4153645833333333
participant_13,Spatial Is NVC,0.0625,0.4153645833333333
participant_13,Arrange (Verify),0.6,0.4153645833333333
participant_13,Arrange (Is PMM),0.1,0.4153645833333333
participant_13,Arrange (Order),0.25,0.4153645833333333
participant_13,Carddir NVC,0.25,0.4153645833333333
participant_13,CRT,0.14285714285714285,0.4153645833333333
participant_13,Mental Rot,3.0,0.4153645833333333
participant_13,verbal subst,0.0,0.4153645833333333
participant_13,Corsi,6.0,0.4153645833333333
participant_13,Syl Jaccard,0.36197916666666663,0.4153645833333333
participant_13,Syl Corr Set,0.4153645833333333,0.4153645833333333
participant_13,Syl Corr MAE,0.74609375,0.4153645833333333
participant_13,Syl Is NVC,0.375,0.4153645833333333
participant_13,Wason,0.5,0.4153645833333333
participant_15,Cond Corr,0.5,0.34375
participant_15,Cond Is NVC,0.0,0.34375
participant_15,Spatial Corr,0.25,0.34375
participant_15,Spatial Is NVC,0.1875,0.34375
participant_15,Arrange (Verify),0.7,0.34375
participant_15,Arrange (Is PMM),0.35,0.34375
participant_15,Arrange (Order),0.45,0.34375
participant_15,Carddir NVC,0.0,0.34375
participant_15,CRT,0.14285714285714285,0.34375
participant_15,Mental Rot,5.0,0.34375
participant_15,verbal subst,0.125,0.34375
participant_15,Corsi,7.0,0.34375
participant_15,Syl Jaccard,0.2708333333333333,0.34375
participant_15,Syl Corr Set,0.34375,0.34375
participant_15,Syl Corr MAE,0.85546875,0.34375
participant_15,Syl Is NVC,0.34375,0.34375
participant_15,Wason,0.0,0.34375
participant_16,Cond Corr,0.375,0.7109375
participant_16,Cond Is NVC,0.125,0.7109375
participant_16,Spatial Corr,0.59375,0.7109375
participant_16,Spatial Is NVC,0.03125,0.7109375
participant_16,Arrange (Verify),0.85,0.7109375
participant_16,Arrange (Is PMM),0.65,0.7109375
participant_16,Arrange (Order),0.8,0.7109375
participant_16,Carddir NVC,0.0625,0.7109375
participant_16,CRT,0.2857142857142857,0.7109375
participant_16,Mental Rot,2.0,0.7109375
participant_16,verbal subst,0.125,0.7109375
participant_16,Corsi,8.0,0.7109375
participant_16,Syl Jaccard,0.6497395833333333,0.7109375
participant_16,Syl Corr Set,0.7109375,0.7109375
participant_16,Syl Corr MAE,0.919921875,0.7109375
participant_16,Syl Is NVC,0.71875,0.7109375
participant_16,Wason,0.5,0.7109375
participant_17,Cond Corr,0.625,0.25
participant_17,Cond Is NVC,0.125,0.25
participant_17,Spatial Corr,0.28125,0.25
participant_17,Spatial Is NVC,0.25,0.25
participant_17,Arrange (Verify),0.65,0.25
participant_17,Arrange (Is PMM),0.2,0.25
participant_17,Arrange (Order),0.3,0.25
participant_17,Carddir NVC,0.15625,0.25
participant_17,CRT,0.14285714285714285,0.25
participant_17,Mental Rot,3.0,0.25
participant_17,verbal subst,0.125,0.25
participant_17,Corsi,8.0,0.25
participant_17,Syl Jaccard,0.20833333333333331,0.25
participant_17,Syl Corr Set,0.25,0.25
participant_17,Syl Corr MAE,0.8359375,0.25
participant_17,Syl Is NVC,0.25,0.25
participant_17,Wason,0.0,0.25
participant_18,Cond Corr,0.5,0.33984375
participant_18,Cond Is NVC,0.0,0.33984375
participant_18,Spatial Corr,0.71875,0.33984375
participant_18,Spatial Is NVC,0.21875,0.33984375
participant_18,Arrange (Verify),0.95,0.33984375
participant_18,Arrange (Is PMM),0.7,0.33984375
participant_18,Arrange (Order),0.95,0.33984375
participant_18,Carddir NVC,0.09375,0.33984375
participant_18,CRT,0.8571428571428571,0.33984375
participant_18,Mental Rot,12.0,0.33984375
participant_18,verbal subst,0.75,0.33984375
participant_18,Corsi,8.0,0.33984375
participant_18,Syl Jaccard,0.28776041666666663,0.33984375
participant_18,Syl Corr Set,0.33984375,0.33984375
participant_18,Syl Corr MAE,0.7421875,0.33984375
participant_18,Syl Is NVC,0.265625,0.33984375
participant_18,Wason,1.0,0.33984375
participant_19,Cond Corr,0.5,0.2786458333333333
participant_19,Cond Is NVC,0.25,0.2786458333333333
participant_19,Spatial Corr,0.40625,0.2786458333333333
participant_19,Spatial Is NVC,0.1875,0.2786458333333333
participant_19,Arrange (Verify),0.5,0.2786458333333333
participant_19,Arrange (Is PMM),0.05,0.2786458333333333
participant_19,Arrange (Order),0.15,0.2786458333333333
participant_19,Carddir NVC,0.1875,0.2786458333333333
participant_19,CRT,0.0,0.2786458333333333
participant_19,Mental Rot,2.0,0.2786458333333333
participant_19,verbal subst,0.25,0.2786458333333333
participant_19,Corsi,6.0,0.2786458333333333
participant_19,Syl Jaccard,0.2578125,0.2786458333333333
participant_19,Syl Corr Set,0.2786458333333333,0.2786458333333333
participant_19,Syl Corr MAE,0.80078125,0.2786458333333333
participant_19,Syl Is NVC,0.328125,0.2786458333333333
participant_19,Wason,0.0,0.2786458333333333
participant_2,Cond Corr,0.75,0.19140625
participant_2,Cond Is NVC,0.375,0.19140625
participant_2,Spatial Corr,0.375,0.19140625
participant_2,Spatial Is NVC,0.21875,0.19140625
participant_2,Arrange (Verify),0.6,0.19140625
participant_2,Arrange (Is PMM),0.2,0.19140625
participant_2,Arrange (Order),0.25,0.19140625
participant_2,Carddir NVC,0.15625,0.19140625
participant_2,CRT,0.14285714285714285,0.19140625
participant_2,Mental Rot,4.0,0.19140625
participant_2,verbal subst,0.125,0.19140625
participant_2,Corsi,7.0,0.19140625
participant_2,Syl Jaccard,0.15833333333333333,0.19140625
participant_2,Syl Corr Set,0.19140625,0.19140625
participant_2,Syl Corr MAE,0.59375,0.19140625
participant_2,Syl Is NVC,0.078125,0.19140625
participant_2,Wason,0.5,0.19140625
participant_20,Cond Corr,0.75,0.40625
participant_20,Cond Is NVC,0.5,0.40625
participant_20,Spatial Corr,0.53125,0.40625
participant_20,Spatial Is NVC,0.4375,0.40625
participant_20,Arrange (Verify),0.6,0.40625
participant_20,Arrange (Is PMM),0.3,0.40625
participant_20,Arrange (Order),0.4,0.40625
participant_20,Carddir NVC,0.4375,0.40625
participant_20,CRT,0.14285714285714285,0.40625
participant_20,Mental Rot,2.0,0.40625
participant_20,verbal subst,0.25,0.40625
participant_20,Corsi,6.0,0.40625
participant_20,Syl Jaccard,0.3255208333333333,0.40625
participant_20,Syl Corr Set,0.40625,0.40625
participant_20,Syl Corr MAE,0.857421875,0.40625
participant_20,Syl Is NVC,0.4375,0.40625
participant_20,Wason,0.5,0.40625
participant_21,Cond Corr,0.5,0.39453125
participant_21,Cond Is NVC,0.0,0.39453125
participant_21,Spatial Corr,0.75,0.39453125
participant_21,Spatial Is NVC,0.125,0.39453125
participant_21,Arrange (Verify),0.7,0.39453125
participant_21,Arrange (Is PMM),0.5,0.39453125
participant_21,Arrange (Order),0.65,0.39453125
participant_21,Carddir NVC,0.15625,0.39453125
participant_21,CRT,0.5714285714285714,0.39453125
participant_21,Mental Rot,10.0,0.39453125
participant_21,verbal subst,0.375,0.39453125
participant_21,Corsi,10.0,0.39453125
participant_21,Syl Jaccard,0.35546875,0.39453125
participant_21,Syl Corr Set,0.39453125,0.39453125
participant_21,Syl Corr MAE,0.796875,0.39453125
participant_21,Syl Is NVC,0.265625,0.39453125
participant_21,Wason,0.3333333333333333,0.39453125
participant_22,Cond Corr,0.625,0.234375
participant_22,Cond Is NVC,0.875,0.234375
participant_22,Spatial Corr,0.53125,0.234375
participant_22,Spatial Is NVC,0.125,0.234375
participant_22,Arrange (Verify),0.8,0.234375
participant_22,Arrange (Is PMM),0.75,0.234375
participant_22,Arrange (Order),0.85,0.234375
participant_22,Carddir NVC,0.0,0.234375
participant_22,CRT,0.5714285714285714,0.234375
participant_22,Mental Rot,9.0,0.234375
participant_22,verbal subst,0.125,0.234375
participant_22,Corsi,7.0,0.234375
participant_22,Syl Jaccard,0.1640625,0.234375
participant_22,Syl Corr Set,0.234375,0.234375
participant_22,Syl Corr MAE,0.8359375,0.234375
participant_22,Syl Is NVC,0.265625,0.234375
participant_22,Wason,0.3333333333333333,0.234375
participant_23,Cond Corr,0.875,0.6458333333333333
participant_23,Cond Is NVC,0.375,0.6458333333333333
participant_23,Spatial Corr,0.78125,0.6458333333333333
participant_23,Spatial Is NVC,0.3125,0.6458333333333333
participant_23,Arrange (Verify),0.65,0.6458333333333333
participant_23,Arrange (Is PMM),0.35,0.6458333333333333
participant_23,Arrange (Order),0.6,0.6458333333333333
participant_23,Carddir NVC,0.09375,0.6458333333333333
participant_23,CRT,0.2857142857142857,0.6458333333333333
participant_23,Mental Rot,2.0,0.6458333333333333
participant_23,verbal subst,0.125,0.6458333333333333
participant_23,Corsi,7.0,0.6458333333333333
participant_23,Syl Jaccard,0.55859375,0.6458333333333333
participant_23,Syl Corr Set,0.6458333333333333,0.6458333333333333
participant_23,Syl Corr MAE,0.892578125,0.6458333333333333
participant_23,Syl Is NVC,0.546875,0.6458333333333333
participant_23,Wason,0.5,0.6458333333333333
participant_24,Cond Corr,0.875,0.8203125
participant_24,Cond Is NVC,0.625,0.8203125
participant_24,Spatial Corr,0.90625,0.8203125
participant_24,Spatial Is NVC,0.3125,0.8203125
participant_24,Arrange (Verify),0.9,0.8203125
participant_24,Arrange (Is PMM),0.75,0.8203125
participant_24,Arrange (Order),0.95,0.8203125
participant_24,Carddir NVC,0.125,0.8203125
participant_24,CRT,0.7142857142857143,0.8203125
participant_24,Mental Rot,7.0,0.8203125
participant_24,verbal subst,1.0,0.8203125
participant_24,Corsi,8.0,0.8203125
participant_24,Syl Jaccard,0.7356770833333333,0.8203125
participant_24,Syl Corr Set,0.8203125,0.8203125
participant_24,Syl Corr MAE,0.9375,0.8203125
participant_24,Syl Is NVC,0.59375,0.8203125
participant_24,Wason,0.6666666666666666,0.8203125
participant_25,Cond Corr,0.875,0.4544270833333333
participant_25,Cond Is NVC,0.375,0.4544270833333333
participant_25,Spatial Corr,0.90625,0.4544270833333333
participant_25,Spatial Is NVC,0.28125,0.4544270833333333
participant_25,Arrange (Verify),0.8,0.4544270833333333
participant_25,Arrange (Is PMM),0.5,0.4544270833333333
participant_25,Arrange (Order),0.75,0.4544270833333333
participant_25,Carddir NVC,0.125,0.4544270833333333
participant_25,CRT,0.7142857142857143,0.4544270833333333
participant_25,Mental Rot,8.0,0.4544270833333333
participant_25,verbal subst,0.375,0.4544270833333333
participant_25,Corsi,7.0,0.4544270833333333
participant_25,Syl Jaccard,0.3997395833333333,0.4544270833333333
participant_25,Syl Corr Set,0.4544270833333333,0.4544270833333333
participant_25,Syl Corr MAE,0.8125,0.4544270833333333
participant_25,Syl Is NVC,0.421875,0.4544270833333333
participant_25,Wason,0.3333333333333333,0.4544270833333333
participant_26,Cond Corr,0.625,0.19140625
participant_26,Cond Is NVC,0.375,0.19140625
participant_26,Spatial Corr,0.78125,0.19140625
participant_26,Spatial Is NVC,0.15625,0.19140625
participant_26,Arrange (Verify),0.75,0.19140625
participant_26,Arrange (Is PMM),0.4,0.19140625
participant_26,Arrange (Order),0.55,0.19140625
participant_26,Carddir NVC,0.09375,0.19140625
participant_26,CRT,0.14285714285714285,0.19140625
participant_26,Mental Rot,4.0,0.19140625
participant_26,verbal subst,0.625,0.19140625
participant_26,Corsi,9.0,0.19140625
participant_26,Syl Jaccard,0.13463541666666665,0.19140625
participant_26,Syl Corr Set,0.19140625,0.19140625
participant_26,Syl Corr MAE,0.720703125,0.19140625
participant_26,Syl Is NVC,0.0625,0.19140625
participant_26,Wason,0.5,0.19140625
participant_27,Cond Corr,0.5,0.30989583333333337
participant_27,Cond Is NVC,0.0,0.30989583333333337
participant_27,Spatial Corr,0.5625,0.30989583333333337
participant_27,Spatial Is NVC,0.1875,0.30989583333333337
participant_27,Arrange (Verify),0.8,0.30989583333333337
participant_27,Arrange (Is PMM),0.3,0.30989583333333337
participant_27,Arrange (Order),0.65,0.30989583333333337
participant_27,Carddir NVC,0.0625,0.30989583333333337
participant_27,CRT,0.0,0.30989583333333337
participant_27,Mental Rot,7.0,0.30989583333333337
participant_27,verbal subst,0.5,0.30989583333333337
participant_27,Corsi,9.0,0.30989583333333337
participant_27,Syl Jaccard,0.2708333333333333,0.30989583333333337
participant_27,Syl Corr Set,0.30989583333333337,0.30989583333333337
participant_27,Syl Corr MAE,0.7890625,0.30989583333333337
participant_27,Syl Is NVC,0.203125,0.30989583333333337
participant_27,Wason,0.5,0.30989583333333337
participant_28,Cond Corr,0.625,0.609375
participant_28,Cond Is NVC,0.625,0.609375
participant_28,Spatial Corr,0.8125,0.609375
participant_28,Spatial Is NVC,0.34375,0.609375
participant_28,Arrange (Verify),0.8,0.609375
participant_28,Arrange (Is PMM),0.5,0.609375
participant_28,Arrange (Order),0.8,0.609375
participant_28,Carddir NVC,0.15625,0.609375
participant_28,CRT,0.8571428571428571,0.609375
participant_28,Mental Rot,5.0,0.609375
participant_28,verbal subst,0.375,0.609375
participant_28,Corsi,9.0,0.609375
participant_28,Syl Jaccard,0.5703125,0.609375
participant_28,Syl Corr Set,0.609375,0.609375
participant_28,Syl Corr MAE,0.896484375,0.609375
participant_28,Syl Is NVC,0.5625,0.609375
participant_28,Wason,0.5,0.609375
participant_29,Cond Corr,0.625,0.53125
participant_29,Cond Is NVC,0.375,0.53125
participant_29,Spatial Corr,0.5625,0.53125
participant_29,Spatial Is NVC,0.28125,0.53125
participant_29,Arrange (Verify),0.65,0.53125
participant_29,Arrange (Is PMM),0.35,0.53125
participant_29,Arrange (Order),0.6,0.53125
participant_29,Carddir NVC,0.0,0.53125
participant_29,CRT,0.5714285714285714,0.53125
participant_29,Mental Rot,6.0,0.53125
participant_29,verbal subst,0.375,0.53125
participant_29,Corsi,7.0,0.53125
participant_29,Syl Jaccard,0.49609375,0.53125
participant_29,Syl Corr Set,0.53125,0.53125
participant_29,Syl Corr MAE,0.869140625,0.53125
participant_29,Syl Is NVC,0.59375,0.53125
participant_29,Wason,0.3333333333333333,0.53125
participant_3,Cond Corr,0.5,0.15625
participant_3,Cond Is NVC,0.0,0.15625
participant_3,Spatial Corr,0.4375,0.15625
participant_3,Spatial Is NVC,0.125,0.15625
participant_3,Arrange (Verify),0.5,0.15625
participant_3,Arrange (Is PMM),0.25,0.15625
participant_3,Arrange (Order),0.4,0.15625
participant_3,Carddir NVC,0.0,0.15625
participant_3,CRT,0.5714285714285714,0.15625
participant_3,Mental Rot,4.0,0.15625
participant_3,verbal subst,0.375,0.15625
participant_3,Corsi,7.0,0.15625
participant_3,Syl Jaccard,0.057291666666666664,0.15625
participant_3,Syl Corr Set,0.15625,0.15625
participant_3,Syl Corr MAE,0.8203125,0.15625
participant_3,Syl Is NVC,0.0,0.15625
participant_3,Wason,0.5,0.15625
participant_30,Cond Corr,0.5,0.11328125
participant_30,Cond Is NVC,0.25,0.11328125
participant_30,Spatial Corr,0.5,0.11328125
participant_30,Spatial Is NVC,0.1875,0.11328125
participant_30,Arrange (Verify),0.85,0.11328125
participant_30,Arrange (Is PMM),0.55,0.11328125
participant_30,Arrange (Order),0.85,0.11328125
participant_30,Carddir NVC,0.0,0.11328125
participant_30,CRT,0.2857142857142857,0.11328125
participant_30,Mental Rot,5.0,0.11328125
participant_30,verbal subst,0.375,0.11328125
participant_30,Corsi,7.0,0.11328125
participant_30,Syl Jaccard,0.07421875,0.11328125
participant_30,Syl Corr Set,0.11328125,0.11328125
participant_30,Syl Corr MAE,0.69921875,0.11328125
participant_30,Syl Is NVC,0.0,0.11328125
participant_30,Wason,0.5,0.11328125
participant_31,Cond Corr,0.75,0.62109375
participant_31,Cond Is NVC,0.25,0.62109375
participant_31,Spatial Corr,0.65625,0.62109375
participant_31,Spatial Is NVC,0.15625,0.62109375
participant_31,Arrange (Verify),0.65,0.62109375
participant_31,Arrange (Is PMM),0.55,0.62109375
participant_31,Arrange (Order),0.6,0.62109375
participant_31,Carddir NVC,0.03125,0.62109375
participant_31,CRT,0.7142857142857143,0.62109375
participant_31,Mental Rot,1.0,0.62109375
participant_31,verbal subst,0.375,0.62109375
participant_31,Corsi,7.0,0.62109375
participant_31,Syl Jaccard,0.5494791666666666,0.62109375
participant_31,Syl Corr Set,0.62109375,0.62109375
participant_31,Syl Corr MAE,0.869140625,0.62109375
participant_31,Syl Is NVC,0.453125,0.62109375
participant_31,Wason,0.5,0.62109375
participant_32,Cond Corr,0.625,0.171875
participant_32,Cond Is NVC,0.125,0.171875
participant_32,Spatial Corr,0.59375,0.171875
participant_32,Spatial Is NVC,0.125,0.171875
participant_32,Arrange (Verify),0.95,0.171875
participant_32,Arrange (Is PMM),0.5,0.171875
participant_32,Arrange (Order),0.7,0.171875
participant_32,Carddir NVC,0.0,0.171875
participant_32,CRT,0.7142857142857143,0.171875
participant_32,Mental Rot,5.0,0.171875
participant_32,verbal subst,0.125,0.171875
participant_32,Corsi,9.0,0.171875
participant_32,Syl Jaccard,0.11067708333333333,0.171875
participant_32,Syl Corr Set,0.171875,0.171875
participant_32,Syl Corr MAE,0.806640625,0.171875
participant_32,Syl Is NVC,0.03125,0.171875
participant_32,Wason,0.3333333333333333,0.171875
participant_33,Cond Corr,0.75,0.73046875
participant_33,Cond Is NVC,0.75,0.73046875
participant_33,Spatial Corr,0.71875,0.73046875
participant_33,Spatial Is NVC,0.09375,0.73046875
participant_33,Arrange (Verify),0.8,0.73046875
participant_33,Arrange (Is PMM),0.7,0.73046875
participant_33,Arrange (Order),0.75,0.73046875
participant_33,Carddir NVC,0.125,0.73046875
participant_33,CRT,0.8571428571428571,0.73046875
participant_33,Mental Rot,7.0,0.73046875
participant_33,verbal subst,0.375,0.73046875
participant_33,Corsi,7.0,0.73046875
participant_33,Syl Jaccard,0.6770833333333333,0.73046875
participant_33,Syl Corr Set,0.73046875,0.73046875
participant_33,Syl Corr MAE,0.916015625,0.73046875
participant_33,Syl Is NVC,0.515625,0.73046875
participant_33,Wason,0.5,0.73046875
participant_34,Cond Corr,0.5,0.140625
participant_34,Cond Is NVC,0.0,0.140625
participant_34,Spatial Corr,0.6875,0.140625
participant_34,Spatial Is NVC,0.0625,0.140625
participant_34,Arrange (Verify),0.7,0.140625
participant_34,Arrange (Is PMM),0.45,0.140625
participant_34,Arrange (Order),0.65,0.140625
participant_34,Carddir NVC,0.125,0.140625
participant_34,CRT,0.2857142857142857,0.140625
participant_34,Mental Rot,6.0,0.140625
participant_34,verbal subst,0.375,0.140625
participant_34,Corsi,9.0,0.140625
participant_34,Syl Jaccard,0.11197916666666666,0.140625
participant_34,Syl Corr Set,0.140625,0.140625
participant_34,Syl Corr MAE,0.6015625,0.140625
participant_34,Syl Is NVC,0.0,0.140625
participant_34,Wason,0.3333333333333333,0.140625
participant_35,Cond Corr,0.25,0.609375
participant_35,Cond Is NVC,0.125,0.609375
participant_35,Spatial Corr,0.90625,0.609375
participant_35,Spatial Is NVC,0.34375,0.609375
participant_35,Arrange (Verify),0.75,0.609375
participant_35,Arrange (Is PMM),0.55,0.609375
participant_35,Arrange (Order),0.7,0.609375
participant_35,Carddir NVC,0.1875,0.609375
participant_35,CRT,0.14285714285714285,0.609375
participant_35,Mental Rot,13.0,0.609375
participant_35,verbal subst,0.5,0.609375
participant_35,Corsi,8.0,0.609375
participant_35,Syl Jaccard,0.5221354166666666,0.609375
participant_35,Syl Corr Set,0.609375,0.609375
participant_35,Syl Corr MAE,0.888671875,0.609375
participant_35,Syl Is NVC,0.5,0.609375
participant_35,Wason,0.5,0.609375
participant_36,Cond Corr,0.5,0.3828125
participant_36,Cond Is NVC,0.25,0.3828125
participant_36,Spatial Corr,0.40625,0.3828125
participant_36,Spatial Is NVC,0.0,0.3828125
participant_36,Arrange (Verify),0.75,0.3828125
participant_36,Arrange (Is PMM),0.45,0.3828125
participant_36,Arrange (Order),0.65,0.3828125
participant_36,Carddir NVC,0.21875,0.3828125
participant_36,CRT,0.2857142857142857,0.3828125
participant_36,Mental Rot,3.0,0.3828125
participant_36,verbal subst,0.125,0.3828125
participant_36,Corsi,8.0,0.3828125
participant_36,Syl Jaccard,0.3255208333333333,0.3828125
participant_36,Syl Corr Set,0.3828125,0.3828125
participant_36,Syl Corr MAE,0.830078125,0.3828125
participant_36,Syl Is NVC,0.203125,0.3828125
participant_36,Wason,0.5,0.3828125
participant_37,Cond Corr,0.875,0.5546875
participant_37,Cond Is NVC,0.375,0.5546875
participant_37,Spatial Corr,0.8125,0.5546875
participant_37,Spatial Is NVC,0.25,0.5546875
participant_37,Arrange (Verify),0.8,0.5546875
participant_37,Arrange (Is PMM),0.45,0.5546875
participant_37,Arrange (Order),0.55,0.5546875
participant_37,Carddir NVC,0.15625,0.5546875
participant_37,CRT,0.42857142857142855,0.5546875
participant_37,Mental Rot,8.0,0.5546875
participant_37,verbal subst,0.5,0.5546875
participant_37,Corsi,8.0,0.5546875
participant_37,Syl Jaccard,0.5026041666666666,0.5546875
participant_37,Syl Corr Set,0.5546875,0.5546875
participant_37,Syl Corr MAE,0.88671875,0.5546875
participant_37,Syl Is NVC,0.34375,0.5546875
participant_37,Wason,0.5,0.5546875
participant_38,Cond Corr,0.375,0.48828125
participant_38,Cond Is NVC,0.125,0.48828125
participant_38,Spatial Corr,0.78125,0.48828125
participant_38,Spatial Is NVC,0.15625,0.48828125
participant_38,Arrange (Verify),0.85,0.48828125
participant_38,Arrange (Is PMM),0.7,0.48828125
participant_38,Arrange (Order),0.75,0.48828125
participant_38,Carddir NVC,0.1875,0.48828125
participant_38,CRT,0.14285714285714285,0.48828125
participant_38,Mental Rot,5.0,0.48828125
participant_38,verbal subst,0.625,0.48828125
participant_38,Corsi,6.0,0.48828125
participant_38,Syl Jaccard,0.4739583333333333,0.48828125
participant_38,Syl Corr Set,0.48828125,0.48828125
participant_38,Syl Corr MAE,0.83984375,0.48828125
participant_38,Syl Is NVC,0.71875,0.48828125
participant_38,Wason,0.3333333333333333,0.48828125
participant_39,Cond Corr,0.375,0.15364583333333331
participant_39,Cond Is NVC,0.125,0.15364583333333331
participant_39,Spatial Corr,0.5625,0.15364583333333331
participant_39,Spatial Is NVC,0.03125,0.15364583333333331
participant_39,Arrange (Verify),0.65,0.15364583333333331
participant_39,Arrange (Is PMM),0.4,0.15364583333333331
participant_39,Arrange (Order),0.55,0.15364583333333331
participant_39,Carddir NVC,0.0,0.15364583333333331
participant_39,CRT,1.0,0.15364583333333331
participant_39,Mental Rot,5.0,0.15364583333333331
participant_39,verbal subst,0.25,0.15364583333333331
participant_39,Corsi,7.0,0.15364583333333331
participant_39,Syl Jaccard,0.12630208333333331,0.15364583333333331
participant_39,Syl Corr Set,0.15364583333333331,0.15364583333333331
participant_39,Syl Corr MAE,0.6484375,0.15364583333333331
participant_39,Syl Is NVC,0.109375,0.15364583333333331
participant_39,Wason,0.3333333333333333,0.15364583333333331
participant_4,Cond Corr,0.5,0.17708333333333334
participant_4,Cond Is NVC,0.0,0.17708333333333334
participant_4,Spatial Corr,0.5,0.17708333333333334
participant_4,Spatial Is NVC,0.09375,0.17708333333333334
participant_4,Arrange (Verify),0.35,0.17708333333333334
participant_4,Arrange (Is PMM),0.1,0.17708333333333334
participant_4,Arrange (Order),0.1,0.17708333333333334
participant_4,Carddir NVC,0.0,0.17708333333333334
participant_4,CRT,0.0,0.17708333333333334
participant_4,Mental Rot,6.0,0.17708333333333334
participant_4,verbal subst,0.125,0.17708333333333334
participant_4,Corsi,6.0,0.17708333333333334
participant_4,Syl Jaccard,0.13802083333333334,0.17708333333333334
participant_4,Syl Corr Set,0.17708333333333334,0.17708333333333334
participant_4,Syl Corr MAE,0.662109375,0.17708333333333334
participant_4,Syl Is NVC,0.0,0.17708333333333334
participant_4,Wason,0.5,0.17708333333333334
participant_40,Cond Corr,0.625,0.27734375
participant_40,Cond Is NVC,0.125,0.27734375
participant_40,Spatial Corr,0.5,0.27734375
participant_40,Spatial Is NVC,0.25,0.27734375
participant_40,Arrange (Verify),0.8,0.27734375
participant_40,Arrange (Is PMM),0.4,0.27734375
participant_40,Arrange (Order),0.7,0.27734375
participant_40,Carddir NVC,0.15625,0.27734375
participant_40,CRT,0.42857142857142855,0.27734375
participant_40,Mental Rot,10.0,0.27734375
participant_40,verbal subst,0.25,0.27734375
participant_40,Corsi,7.0,0.27734375
participant_40,Syl Jaccard,0.203125,0.27734375
participant_40,Syl Corr Set,0.27734375,0.27734375
participant_40,Syl Corr MAE,0.80078125,0.27734375
participant_40,Syl Is NVC,0.125,0.27734375
participant_40,Wason,0.5,0.27734375
participant_41,Cond Corr,0.5,0.671875
participant_41,Cond Is NVC,0.0,0.671875
participant_41,Spatial Corr,0.75,0.671875
participant_41,Spatial Is NVC,0.0625,0.671875
participant_41,Arrange (Verify),0.9,0.671875
participant_41,Arrange (Is PMM),0.4,0.671875
participant_41,Arrange (Order),0.95,0.671875
participant_41,Carddir NVC,0.21875,0.671875
participant_41,CRT,0.42857142857142855,0.671875
participant_41,Mental Rot,3.0,0.671875
participant_41,verbal subst,0.75,0.671875
participant_41,Corsi,7.0,0.671875
participant_41,Syl Jaccard,0.5768229166666666,0.671875
participant_41,Syl Corr Set,0.671875,0.671875
participant_41,Syl Corr MAE,0.904296875,0.671875
participant_41,Syl Is NVC,0.484375,0.671875
participant_41,Wason,0.5,0.671875
participant_42,Cond Corr,0.625,0.36979166666666663
participant_42,Cond Is NVC,0.125,0.36979166666666663
participant_42,Spatial Corr,0.53125,0.36979166666666663
participant_42,Spatial Is NVC,0.3125,0.36979166666666663
participant_42,Arrange (Verify),0.7,0.36979166666666663
participant_42,Arrange (Is PMM),0.4,0.36979166666666663
participant_42,Arrange (Order),0.5,0.36979166666666663
participant_42,Carddir NVC,0.03125,0.36979166666666663
participant_42,CRT,0.5714285714285714,0.36979166666666663
participant_42,Mental Rot,7.0,0.36979166666666663
participant_42,verbal subst,0.25,0.36979166666666663
participant_42,Corsi,7.0,0.36979166666666663
participant_42,Syl Jaccard,0.3216145833333333,0.36979166666666663
participant_42,Syl Corr Set,0.36979166666666663,0.36979166666666663
participant_42,Syl Corr MAE,0.748046875,0.36979166666666663
participant_42,Syl Is NVC,0.234375,0.36979166666666663
participant_42,Wason,0.0,0.36979166666666663
participant_43,Cond Corr,1.0,0.734375
participant_43,Cond Is NVC,0.5,0.734375
participant_43,Spatial Corr,0.71875,0.734375
participant_43,Spatial Is NVC,0.125,0.734375
participant_43,Arrange (Verify),0.35,0.734375
participant_43,Arrange (Is PMM),0.2,0.734375
participant_43,Arrange (Order),0.25,0.734375
participant_43,Carddir NVC,0.0,0.734375
participant_43,CRT,0.8571428571428571,0.734375
participant_43,Mental Rot,3.0,0.734375
participant_43,verbal subst,0.875,0.734375
participant_43,Corsi,9.0,0.734375
participant_43,Syl Jaccard,0.6471354166666666,0.734375
participant_43,Syl Corr Set,0.734375,0.734375
participant_43,Syl Corr MAE,0.91796875,0.734375
participant_43,Syl Is NVC,0.65625,0.734375
participant_43,Wason,0.0,0.734375
participant_44,Cond Corr,0.5,0.21875
participant_44,Cond Is NVC,0.0,0.21875
participant_44,Spatial Corr,0.375,0.21875
participant_44,Spatial Is NVC,0.09375,0.21875
participant_44,Arrange (Verify),0.55,0.21875
participant_44,Arrange (Is PMM),0.15,0.21875
participant_44,Arrange (Order),0.25,0.21875
participant_44,Carddir NVC,0.03125,0.21875
participant_44,CRT,0.14285714285714285,0.21875
participant_44,Mental Rot,6.0,0.21875
participant_44,verbal subst,0.125,0.21875
participant_44,Corsi,8.0,0.21875
participant_44,Syl Jaccard,0.15234375,0.21875
participant_44,Syl Corr Set,0.21875,0.21875
participant_44,Syl Corr MAE,0.8359375,0.21875
participant_44,Syl Is NVC,0.21875,0.21875
participant_44,Wason,0.5,0.21875
participant_45,Cond Corr,0.5,0.1942708333333333
participant_45,Cond Is NVC,0.25,0.1942708333333333
participant_45,Spatial Corr,0.53125,0.1942708333333333
participant_45,Spatial Is NVC,0.0,0.1942708333333333
participant_45,Arrange (Verify),0.8,0.1942708333333333
participant_45,Arrange (Is PMM),0.55,0.1942708333333333
participant_45,Arrange (Order),0.75,0.1942708333333333
participant_45,Carddir NVC,0.03125,0.1942708333333333
participant_45,CRT,0.2857142857142857,0.1942708333333333
participant_45,Mental Rot,7.0,0.1942708333333333
participant_45,verbal subst,0.0,0.1942708333333333
participant_45,Corsi,9.0,0.1942708333333333
participant_45,Syl Jaccard,0.17578125,0.1942708333333333
participant_45,Syl Corr Set,0.1942708333333333,0.1942708333333333
participant_45,Syl Corr MAE,0.62890625,0.1942708333333333
participant_45,Syl Is NVC,0.09375,0.1942708333333333
participant_45,Wason,0.5,0.1942708333333333
participant_46,Cond Corr,0.75,0.6484375
participant_46,Cond Is NVC,0.5,0.6484375
participant_46,Spatial Corr,0.75,0.6484375
participant_46,Spatial Is NVC,0.125,0.6484375
participant_46,Arrange (Verify),0.85,0.6484375
participant_46,Arrange (Is PMM),0.55,0.6484375
participant_46,Arrange (Order),0.7,0.6484375
participant_46,Carddir NVC,0.125,0.6484375
participant_46,CRT,0.8571428571428571,0.6484375
participant_46,Mental Rot,14.0,0.6484375
participant_46,verbal subst,0.5,0.6484375
participant_46,Corsi,8.0,0.6484375
participant_46,Syl Jaccard,0.58984375,0.6484375
participant_46,Syl Corr Set,0.6484375,0.6484375
participant_46,Syl Corr MAE,0.88671875,0.6484375
participant_46,Syl Is NVC,0.53125,0.6484375
participant_46,Wason,0.3333333333333333,0.6484375
participant_47,Cond Corr,0.375,0.15625
participant_47,Cond Is NVC,0.0,0.15625
participant_47,Spatial Corr,0.65625,0.15625
participant_47,Spatial Is NVC,0.125,0.15625
participant_47,Arrange (Verify),0.95,0.15625
participant_47,Arrange (Is PMM),0.7,0.15625
participant_47,Arrange (Order),0.9,0.15625
participant_47,Carddir NVC,0.3125,0.15625
participant_47,CRT,0.7142857142857143,0.15625
participant_47,Mental Rot,9.0,0.15625
participant_47,verbal subst,0.75,0.15625
participant_47,Corsi,6.0,0.15625
participant_47,Syl Jaccard,0.128125,0.15625
participant_47,Syl Corr Set,0.15625,0.15625
participant_47,Syl Corr MAE,0.619140625,0.15625
participant_47,Syl Is NVC,0.0625,0.15625
participant_47,Wason,0.5,0.15625
participant_48,Cond Corr,0.875,0.5703125
participant_48,Cond Is NVC,0.625,0.5703125
participant_48,Spatial Corr,1.0,0.5703125
participant_48,Spatial Is NVC,0.3125,0.5703125
participant_48,Arrange (Verify),0.95,0.5703125
participant_48,Arrange (Is PMM),0.85,0.5703125
participant_48,Arrange (Order),0.9,0.5703125
participant_48,Carddir NVC,0.5,0.5703125
participant_48,CRT,0.5714285714285714,0.5703125
participant_48,Mental Rot,14.0,0.5703125
participant_48,verbal subst,0.5,0.5703125
participant_48,Corsi,9.0,0.5703125
participant_48,Syl Jaccard,0.515625,0.5703125
participant_48,Syl Corr Set,0.5703125,0.5703125
participant_48,Syl Corr MAE,0.884765625,0.5703125
participant_48,Syl Is NVC,0.46875,0.5703125
participant_48,Wason,0.3333333333333333,0.5703125
participant_5,Cond Corr,0.25,0.265625
participant_5,Cond Is NVC,0.125,0.265625
participant_5,Spatial Corr,0.34375,0.265625
participant_5,Spatial Is NVC,0.125,0.265625
participant_5,Arrange (Verify),0.5,0.265625
participant_5,Arrange (Is PMM),0.25,0.265625
participant_5,Arrange (Order),0.35,0.265625
participant_5,Carddir NVC,0.3125,0.265625
participant_5,CRT,0.14285714285714285,0.265625
participant_5,Mental Rot,4.0,0.265625
participant_5,verbal subst,0.0,0.265625
participant_5,Corsi,5.0,0.265625
participant_5,Syl Jaccard,0.20052083333333331,0.265625
participant_5,Syl Corr Set,0.265625,0.265625
participant_5,Syl Corr MAE,0.83203125,0.265625
participant_5,Syl Is NVC,0.1875,0.265625
participant_5,Wason,0.0,0.265625
participant_50,Cond Corr,0.5,0.4453125
participant_50,Cond Is NVC,0.0,0.4453125
participant_50,Spatial Corr,0.5625,0.4453125
participant_50,Spatial Is NVC,0.25,0.4453125
participant_50,Arrange (Verify),0.85,0.4453125
participant_50,Arrange (Is PMM),0.25,0.4453125
participant_50,Arrange (Order),0.45,0.4453125
participant_50,Carddir NVC,0.125,0.4453125
participant_50,CRT,0.14285714285714285,0.4453125
participant_50,Mental Rot,3.0,0.4453125
participant_50,verbal subst,0.0,0.4453125
participant_50,Corsi,7.0,0.4453125
participant_50,Syl Jaccard,0.375,0.4453125
participant_50,Syl Corr Set,0.4453125,0.4453125
participant_50,Syl Corr MAE,0.841796875,0.4453125
participant_50,Syl Is NVC,0.328125,0.4453125
participant_50,Wason,0.3333333333333333,0.4453125
participant_52,Cond Corr,0.5,0.1796875
participant_52,Cond Is NVC,0.0,0.1796875
participant_52,Spatial Corr,0.4375,0.1796875
participant_52,Spatial Is NVC,0.34375,0.1796875
participant_52,Arrange (Verify),0.6,0.1796875
participant_52,Arrange (Is PMM),0.3,0.1796875
participant_52,Arrange (Order),0.3,0.1796875
participant_52,Carddir NVC,0.09375,0.1796875
participant_52,CRT,0.5714285714285714,0.1796875
participant_52,Mental Rot,3.0,0.1796875
participant_52,verbal subst,0.5,0.1796875
participant_52,Corsi,7.0,0.1796875
participant_52,Syl Jaccard,0.14348958333333334,0.1796875
participant_52,Syl Corr Set,0.1796875,0.1796875
participant_52,Syl Corr MAE,0.732421875,0.1796875
participant_52,Syl Is NVC,0.03125,0.1796875
participant_52,Wason,0.3333333333333333,0.1796875
participant_53,Cond Corr,0.875,0.75
participant_53,Cond Is NVC,0.375,0.75
participant_53,Spatial Corr,0.65625,0.75
participant_53,Spatial Is NVC,0.3125,0.75
participant_53,Arrange (Verify),0.85,0.75
participant_53,Arrange (Is PMM),0.6,0.75
participant_53,Arrange (Order),0.8,0.75
participant_53,Carddir NVC,0.125,0.75
participant_53,CRT,0.7142857142857143,0.75
participant_53,Mental Rot,12.0,0.75
participant_53,verbal subst,0.75,0.75
participant_53,Corsi,7.0,0.75
participant_53,Syl Jaccard,0.69140625,0.75
participant_53,Syl Corr Set,0.75,0.75
participant_53,Syl Corr MAE,0.927734375,0.75
participant_53,Syl Is NVC,0.546875,0.75
participant_53,Wason,0.5,0.75
participant_54,Cond Corr,0.5,0.11588541666666666
participant_54,Cond Is NVC,0.0,0.11588541666666666
participant_54,Spatial Corr,0.40625,0.11588541666666666
participant_54,Spatial Is NVC,0.15625,0.11588541666666666
participant_54,Arrange (Verify),0.75,0.11588541666666666
participant_54,Arrange (Is PMM),0.35,0.11588541666666666
participant_54,Arrange (Order),0.5,0.11588541666666666
participant_54,Carddir NVC,0.0,0.11588541666666666
participant_54,CRT,0.8571428571428571,0.11588541666666666
participant_54,Mental Rot,7.0,0.11588541666666666
participant_54,verbal subst,0.125,0.11588541666666666
participant_54,Corsi,7.0,0.11588541666666666
participant_54,Syl Jaccard,0.07421875,0.11588541666666666
participant_54,Syl Corr Set,0.11588541666666666,0.11588541666666666
participant_54,Syl Corr MAE,0.623046875,0.11588541666666666
participant_54,Syl Is NVC,0.0,0.11588541666666666
participant_54,Wason,0.5,0.11588541666666666
participant_56,Cond Corr,0.375,0.37890625
participant_56,Cond Is NVC,0.0,0.37890625
participant_56,Spatial Corr,0.40625,0.37890625
participant_56,Spatial Is NVC,0.21875,0.37890625
participant_56,Arrange (Verify),0.65,0.37890625
participant_56,Arrange (Is PMM),0.5,0.37890625
participant_56,Arrange (Order),0.6,0.37890625
participant_56,Carddir NVC,0.03125,0.37890625
participant_56,CRT,0.2857142857142857,0.37890625
participant_56,Mental Rot,8.0,0.37890625
participant_56,verbal subst,0.875,0.37890625
participant_56,Corsi,9.0,0.37890625
participant_56,Syl Jaccard,0.3359375,0.37890625
participant_56,Syl Corr Set,0.37890625,0.37890625
participant_56,Syl Corr MAE,0.7890625,0.37890625
participant_56,Syl Is NVC,0.265625,0.37890625
participant_56,Wason,0.5,0.37890625
participant_57,Cond Corr,0.5,0.26953125
participant_57,Cond Is NVC,0.0,0.26953125
participant_57,Spatial Corr,0.625,0.26953125
participant_57,Spatial Is NVC,0.0625,0.26953125
participant_57,Arrange (Verify),0.95,0.26953125
participant_57,Arrange (Is PMM),0.6,0.26953125
participant_57,Arrange (Order),0.9,0.26953125
participant_57,Carddir NVC,0.125,0.26953125
participant_57,CRT,0.5714285714285714,0.26953125
participant_57,Mental Rot,13.0,0.26953125
participant_57,verbal subst,0.125,0.26953125
participant_57,Corsi,9.0,0.26953125
participant_57,Syl Jaccard,0.22786458333333331,0.26953125
participant_57,Syl Corr Set,0.26953125,0.26953125
participant_57,Syl Corr MAE,0.724609375,0.26953125
participant_57,Syl Is NVC,0.125,0.26953125
participant_57,Wason,0.0,0.26953125
participant_58,Cond Corr,0.5,0.13020833333333334
participant_58,Cond Is NVC,0.5,0.13020833333333334
participant_58,Spatial Corr,0.5625,0.13020833333333334
participant_58,Spatial Is NVC,0.0625,0.13020833333333334
participant_58,Arrange (Verify),0.45,0.13020833333333334
participant_58,Arrange (Is PMM),0.7,0.13020833333333334
participant_58,Arrange (Order),0.8,0.13020833333333334
participant_58,Carddir NVC,0.0,0.13020833333333334
participant_58,CRT,0.42857142857142855,0.13020833333333334
participant_58,Mental Rot,16.0,0.13020833333333334
participant_58,verbal subst,0.75,0.13020833333333334
participant_58,Corsi,7.0,0.13020833333333334
participant_58,Syl Jaccard,0.10104166666666667,0.13020833333333334
participant_58,Syl Corr Set,0.13020833333333334,0.13020833333333334
participant_58,Syl Corr MAE,0.65234375,0.13020833333333334
participant_58,Syl Is NVC,0.015625,0.13020833333333334
participant_58,Wason,0.5,0.13020833333333334
participant_59,Cond Corr,0.5,0.375
participant_59,Cond Is NVC,0.0,0.375
participant_59,Spatial Corr,0.6875,0.375
participant_59,Spatial Is NVC,0.0625,0.375
participant_59,Arrange (Verify),0.75,0.375
participant_59,Arrange (Is PMM),0.45,0.375
participant_59,Arrange (Order),0.7,0.375
participant_59,Carddir NVC,0.09375,0.375
participant_59,CRT,0.42857142857142855,0.375
participant_59,Mental Rot,1.0,0.375
participant_59,verbal subst,0.625,0.375
participant_59,Corsi,7.0,0.375
participant_59,Syl Jaccard,0.3216145833333333,0.375
participant_59,Syl Corr Set,0.375,0.375
participant_59,Syl Corr MAE,0.84375,0.375
participant_59,Syl Is NVC,0.234375,0.375
participant_59,Wason,0.5,0.375
participant_6,Cond Corr,0.5,0.6145833333333333
participant_6,Cond Is NVC,0.25,0.6145833333333333
participant_6,Spatial Corr,0.71875,0.6145833333333333
participant_6,Spatial Is NVC,0.125,0.6145833333333333
participant_6,Arrange (Verify),0.8,0.6145833333333333
participant_6,Arrange (Is PMM),0.6,0.6145833333333333
participant_6,Arrange (Order),0.65,0.6145833333333333
participant_6,Carddir NVC,0.21875,0.6145833333333333
participant_6,CRT,0.7142857142857143,0.6145833333333333
participant_6,Mental Rot,14.0,0.6145833333333333
participant_6,verbal subst,0.25,0.6145833333333333
participant_6,Corsi,9.0,0.6145833333333333
participant_6,Syl Jaccard,0.5989583333333333,0.6145833333333333
participant_6,Syl Corr Set,0.6145833333333333,0.6145833333333333
participant_6,Syl Corr MAE,0.857421875,0.6145833333333333
participant_6,Syl Is NVC,0.453125,0.6145833333333333
participant_6,Wason,0.5,0.6145833333333333
participant_60,Cond Corr,0.375,0.1640625
participant_60,Cond Is NVC,0.0,0.1640625
participant_60,Spatial Corr,0.25,0.1640625
participant_60,Spatial Is NVC,0.15625,0.1640625
participant_60,Arrange (Verify),0.5,0.1640625
participant_60,Arrange (Is PMM),0.15,0.1640625
participant_60,Arrange (Order),0.15,0.1640625
participant_60,Carddir NVC,0.3125,0.1640625
participant_60,CRT,0.5714285714285714,0.1640625
participant_60,Mental Rot,4.0,0.1640625
participant_60,verbal subst,0.5,0.1640625
participant_60,Corsi,7.0,0.1640625
participant_60,Syl Jaccard,0.14583333333333331,0.1640625
participant_60,Syl Corr Set,0.1640625,0.1640625
participant_60,Syl Corr MAE,0.779296875,0.1640625
participant_60,Syl Is NVC,0.328125,0.1640625
participant_60,Wason,0.5,0.1640625
participant_61,Cond Corr,0.625,0.4609375
participant_61,Cond Is NVC,0.125,0.4609375
participant_61,Spatial Corr,0.5625,0.4609375
participant_61,Spatial Is NVC,0.0625,0.4609375
participant_61,Arrange (Verify),0.7,0.4609375
participant_61,Arrange (Is PMM),0.5,0.4609375
participant_61,Arrange (Order),0.55,0.4609375
participant_61,Carddir NVC,0.09375,0.4609375
participant_61,CRT,0.14285714285714285,0.4609375
participant_61,Mental Rot,6.0,0.4609375
participant_61,verbal subst,0.625,0.4609375
participant_61,Corsi,7.0,0.4609375
participant_61,Syl Jaccard,0.39322916666666663,0.4609375
participant_61,Syl Corr Set,0.4609375,0.4609375
participant_61,Syl Corr MAE,0.876953125,0.4609375
participant_61,Syl Is NVC,0.390625,0.4609375
participant_61,Wason,0.0,0.4609375
participant_62,Cond Corr,0.625,0.29947916666666663
participant_62,Cond Is NVC,0.125,0.29947916666666663
participant_62,Spatial Corr,0.46875,0.29947916666666663
participant_62,Spatial Is NVC,0.125,0.29947916666666663
participant_62,Arrange (Verify),0.4,0.29947916666666663
participant_62,Arrange (Is PMM),0.35,0.29947916666666663
participant_62,Arrange (Order),0.4,0.29947916666666663
participant_62,Carddir NVC,0.15625,0.29947916666666663
participant_62,CRT,0.0,0.29947916666666663
participant_62,Mental Rot,5.0,0.29947916666666663
participant_62,verbal subst,0.125,0.29947916666666663
participant_62,Corsi,7.0,0.29947916666666663
participant_62,Syl Jaccard,0.25,0.29947916666666663
participant_62,Syl Corr Set,0.29947916666666663,0.29947916666666663
participant_62,Syl Corr MAE,0.83203125,0.29947916666666663
participant_62,Syl Is NVC,0.328125,0.29947916666666663
participant_62,Wason,0.3333333333333333,0.29947916666666663
participant_63,Cond Corr,0.5,0.43880208333333337
participant_63,Cond Is NVC,0.0,0.43880208333333337
participant_63,Spatial Corr,0.5625,0.43880208333333337
participant_63,Spatial Is NVC,0.0625,0.43880208333333337
participant_63,Arrange (Verify),0.8,0.43880208333333337
participant_63,Arrange (Is PMM),0.5,0.43880208333333337
participant_63,Arrange (Order),0.6,0.43880208333333337
participant_63,Carddir NVC,0.03125,0.43880208333333337
participant_63,CRT,0.2857142857142857,0.43880208333333337
participant_63,Mental Rot,7.0,0.43880208333333337
participant_63,verbal subst,0.375,0.43880208333333337
participant_63,Corsi,2.0,0.43880208333333337
participant_63,Syl Jaccard,0.37760416666666663,0.43880208333333337
participant_63,Syl Corr Set,0.43880208333333337,0.43880208333333337
participant_63,Syl Corr MAE,0.830078125,0.43880208333333337
participant_63,Syl Is NVC,0.3125,0.43880208333333337
participant_63,Wason,0.5,0.43880208333333337
participant_64,Cond Corr,0.625,0.4140625
participant_64,Cond Is NVC,0.375,0.4140625
participant_64,Spatial Corr,0.59375,0.4140625
participant_64,Spatial Is NVC,0.25,0.4140625
participant_64,Arrange (Verify),0.8,0.4140625
participant_64,Arrange (Is PMM),0.5,0.4140625
participant_64,Arrange (Order),0.8,0.4140625
participant_64,Carddir NVC,0.15625,0.4140625
participant_64,CRT,0.8571428571428571,0.4140625
participant_64,Mental Rot,7.0,0.4140625
participant_64,verbal subst,0.625,0.4140625
participant_64,Corsi,6.0,0.4140625
participant_64,Syl Jaccard,0.33854166666666663,0.4140625
participant_64,Syl Corr Set,0.4140625,0.4140625
participant_64,Syl Corr MAE,0.859375,0.4140625
participant_64,Syl Is NVC,0.3125,0.4140625
participant_64,Wason,0.5,0.4140625
participant_65,Cond Corr,0.5,0.14296875
participant_65,Cond Is NVC,0.0,0.14296875
participant_65,Spatial Corr,0.6875,0.14296875
participant_65,Spatial Is NVC,0.09375,0.14296875
participant_65,Arrange (Verify),0.7,0.14296875
participant_65,Arrange (Is PMM),0.35,0.14296875
participant_65,Arrange (Order),0.55,0.14296875
participant_65,Carddir NVC,0.09375,0.14296875
participant_65,CRT,0.2857142857142857,0.14296875
participant_65,Mental Rot,2.0,0.14296875
participant_65,verbal subst,0.0,0.14296875
participant_65,Corsi,8.0,0.14296875
participant_65,Syl Jaccard,0.10130208333333333,0.14296875
participant_65,Syl Corr Set,0.14296875,0.14296875
participant_65,Syl Corr MAE,0.64453125,0.14296875
participant_65,Syl Is NVC,0.09375,0.14296875
participant_65,Wason,0.0,0.14296875
participant_66,Cond Corr,0.625,0.23567708333333331
participant_66,Cond Is NVC,0.125,0.23567708333333331
participant_66,Spatial Corr,0.8125,0.23567708333333331
participant_66,Spatial Is NVC,0.21875,0.23567708333333331
participant_66,Arrange (Verify),0.8,0.23567708333333331
participant_66,Arrange (Is PMM),0.4,0.23567708333333331
participant_66,Arrange (Order),0.65,0.23567708333333331
participant_66,Carddir NVC,0.09375,0.23567708333333331
participant_66,CRT,0.42857142857142855,0.23567708333333331
participant_66,Mental Rot,3.0,0.23567708333333331
participant_66,verbal subst,0.625,0.23567708333333331
participant_66,Corsi,8.0,0.23567708333333331
participant_66,Syl Jaccard,0.20182291666666663,0.23567708333333331
participant_66,Syl Corr Set,0.23567708333333331,0.23567708333333331
participant_66,Syl Corr MAE,0.6640625,0.23567708333333331
participant_66,Syl Is NVC,0.140625,0.23567708333333331
participant_66,Wason,0.6666666666666666,0.23567708333333331
participant_67,Cond Corr,0.375,0.328125
participant_67,Cond Is NVC,0.0,0.328125
participant_67,Spatial Corr,0.40625,0.328125
participant_67,Spatial Is NVC,0.21875,0.328125
participant_67,Arrange (Verify),0.55,0.328125
participant_67,Arrange (Is PMM),0.25,0.328125
participant_67,Arrange (Order),0.3,0.328125
participant_67,Carddir NVC,0.28125,0.328125
participant_67,CRT,0.42857142857142855,0.328125
participant_67,Mental Rot,7.0,0.328125
participant_67,verbal subst,0.25,0.328125
participant_67,Corsi,9.0,0.328125
participant_67,Syl Jaccard,0.31640625,0.328125
participant_67,Syl Corr Set,0.328125,0.328125
participant_67,Syl Corr MAE,0.85546875,0.328125
participant_67,Syl Is NVC,0.5625,0.328125
participant_67,Wason,0.5,0.328125
participant_68,Cond Corr,0.5,0.15364583333333331
participant_68,Cond Is NVC,0.0,0.15364583333333331
participant_68,Spatial Corr,0.4375,0.15364583333333331
participant_68,Spatial Is NVC,0.0625,0.15364583333333331
participant_68,Arrange (Verify),0.65,0.15364583333333331
participant_68,Arrange (Is PMM),0.2,0.15364583333333331
participant_68,Arrange (Order),0.35,0.15364583333333331
participant_68,Carddir NVC,0.125,0.15364583333333331
participant_68,CRT,0.2857142857142857,0.15364583333333331
participant_68,Mental Rot,6.0,0.15364583333333331
participant_68,verbal subst,0.125,0.15364583333333331
participant_68,Corsi,7.0,0.15364583333333331
participant_68,Syl Jaccard,0.11380208333333333,0.15364583333333331
participant_68,Syl Corr Set,0.15364583333333331,0.15364583333333331
participant_68,Syl Corr MAE,0.75390625,0.15364583333333331
participant_68,Syl Is NVC,0.140625,0.15364583333333331
participant_68,Wason,0.3333333333333333,0.15364583333333331
participant_69,Cond Corr,0.5,0.28125
participant_69,Cond Is NVC,0.0,0.28125
participant_69,Spatial Corr,0.46875,0.28125
participant_69,Spatial Is NVC,0.21875,0.28125
participant_69,Arrange (Verify),0.75,0.28125
participant_69,Arrange (Is PMM),0.55,0.28125
participant_69,Arrange (Order),0.8,0.28125
participant_69,Carddir NVC,0.0625,0.28125
participant_69,CRT,0.5714285714285714,0.28125
participant_69,Mental Rot,7.0,0.28125
participant_69,verbal subst,0.25,0.28125
participant_69,Corsi,7.0,0.28125
participant_69,Syl Jaccard,0.23567708333333331,0.28125
participant_69,Syl Corr Set,0.28125,0.28125
participant_69,Syl Corr MAE,0.83984375,0.28125
participant_69,Syl Is NVC,0.21875,0.28125
participant_69,Wason,0.5,0.28125
participant_7,Cond Corr,0.5,0.1484375
participant_7,Cond Is NVC,0.0,0.1484375
participant_7,Spatial Corr,0.4375,0.1484375
participant_7,Spatial Is NVC,0.1875,0.1484375
participant_7,Arrange (Verify),0.65,0.1484375
participant_7,Arrange (Is PMM),0.1,0.1484375
participant_7,Arrange (Order),0.2,0.1484375
participant_7,Carddir NVC,0.125,0.1484375
participant_7,CRT,0.14285714285714285,0.1484375
participant_7,Mental Rot,3.0,0.1484375
participant_7,verbal subst,0.0,0.1484375
participant_7,Corsi,8.0,0.1484375
participant_7,Syl Jaccard,0.09739583333333333,0.1484375
participant_7,Syl Corr Set,0.1484375,0.1484375
participant_7,Syl Corr MAE,0.75390625,0.1484375
participant_7,Syl Is NVC,0.078125,0.1484375
participant_7,Wason,0.3333333333333333,0.1484375
participant_70,Cond Corr,0.5,0.265625
participant_70,Cond Is NVC,0.125,0.265625
participant_70,Spatial Corr,0.46875,0.265625
participant_70,Spatial Is NVC,0.1875,0.265625
participant_70,Arrange (Verify),0.6,0.265625
participant_70,Arrange (Is PMM),0.35,0.265625
participant_70,Arrange (Order),0.55,0.265625
participant_70,Carddir NVC,0.0625,0.265625
participant_70,CRT,0.5714285714285714,0.265625
participant_70,Mental Rot,5.0,0.265625
participant_70,verbal subst,0.125,0.265625
participant_70,Corsi,9.0,0.265625
participant_70,Syl Jaccard,0.21796875,0.265625
participant_70,Syl Corr Set,0.265625,0.265625
participant_70,Syl Corr MAE,0.83203125,0.265625
participant_70,Syl Is NVC,0.3125,0.265625
participant_70,Wason,0.5,0.265625
participant_71,Cond Corr,0.375,0.421875
participant_71,Cond Is NVC,0.125,0.421875
participant_71,Spatial Corr,0.28125,0.421875
participant_71,Spatial Is NVC,0.3125,0.421875
participant_71,Arrange (Verify),0.7,0.421875
participant_71,Arrange (Is PMM),0.45,0.421875
participant_71,Arrange (Order),0.5,0.421875
participant_71,Carddir NVC,0.03125,0.421875
participant_71,CRT,0.7142857142857143,0.421875
participant_71,Mental Rot,3.0,0.421875
participant_71,verbal subst,0.0,0.421875
participant_71,Corsi,7.0,0.421875
participant_71,Syl Jaccard,0.390625,0.421875
participant_71,Syl Corr Set,0.421875,0.421875
participant_71,Syl Corr MAE,0.765625,0.421875
participant_71,Syl Is NVC,0.359375,0.421875
participant_71,Wason,0.5,0.421875
participant_72,Cond Corr,0.5,0.3984375
participant_72,Cond Is NVC,0.0,0.3984375
participant_72,Spatial Corr,0.625,0.3984375
participant_72,Spatial Is NVC,0.03125,0.3984375
participant_72,Arrange (Verify),0.75,0.3984375
participant_72,Arrange (Is PMM),0.5,0.3984375
participant_72,Arrange (Order),0.7,0.3984375
participant_72,Carddir NVC,0.0,0.3984375
participant_72,CRT,0.14285714285714285,0.3984375
participant_72,Mental Rot,0.0,0.3984375
participant_72,verbal subst,0.5,0.3984375
participant_72,Corsi,7.0,0.3984375
participant_72,Syl Jaccard,0.3455729166666667,0.3984375
participant_72,Syl Corr Set,0.3984375,0.3984375
participant_72,Syl Corr MAE,0.79296875,0.3984375
participant_72,Syl Is NVC,0.3125,0.3984375
participant_72,Wason,0.5,0.3984375
participant_73,Cond Corr,0.375,0.17578125
participant_73,Cond Is NVC,0.0,0.17578125
participant_73,Spatial Corr,0.34375,0.17578125
participant_73,Spatial Is NVC,0.0625,0.17578125
participant_73,Arrange (Verify),0.9,0.17578125
participant_73,Arrange (Is PMM),0.55,0.17578125
participant_73,Arrange (Order),0.8,0.17578125
participant_73,Carddir NVC,0.0,0.17578125
participant_73,CRT,0.14285714285714285,0.17578125
participant_73,Mental Rot,18.0,0.17578125
participant_73,verbal subst,0.125,0.17578125
participant_73,Corsi,8.0,0.17578125
participant_73,Syl Jaccard,0.13671875,0.17578125
participant_73,Syl Corr Set,0.17578125,0.17578125
participant_73,Syl Corr MAE,0.62109375,0.17578125
participant_73,Syl Is NVC,0.015625,0.17578125
participant_73,Wason,0.5,0.17578125
participant_74,Cond Corr,0.5,0.29947916666666663
participant_74,Cond Is NVC,0.125,0.29947916666666663
participant_74,Spatial Corr,0.4166666666666667,0.29947916666666663
participant_74,Spatial Is NVC,0.041666666666666664,0.29947916666666663
participant_74,Arrange (Verify),0.55,0.29947916666666663
participant_74,Arrange (Is PMM),0.1,0.29947916666666663
participant_74,Arrange (Order),0.1,0.29947916666666663
participant_74,Carddir NVC,0.125,0.29947916666666663
participant_74,CRT,0.5714285714285714,0.29947916666666663
participant_74,Mental Rot,4.0,0.29947916666666663
participant_74,verbal subst,0.0,0.29947916666666663
participant_74,Corsi,7.0,0.29947916666666663
participant_74,Syl Jaccard,0.27578125,0.29947916666666663
participant_74,Syl Corr Set,0.29947916666666663,0.29947916666666663
participant_74,Syl Corr MAE,0.76953125,0.29947916666666663
participant_74,Syl Is NVC,0.25,0.29947916666666663
participant_74,Wason,0.5,0.29947916666666663
participant_75,Cond Corr,0.75,0.28125
participant_75,Cond Is NVC,0.5,0.28125
participant_75,Spatial Corr,0.3125,0.28125
participant_75,Spatial Is NVC,0.15625,0.28125
participant_75,Arrange (Verify),0.65,0.28125
participant_75,Arrange (Is PMM),0.2,0.28125
participant_75,Arrange (Order),0.3,0.28125
participant_75,Carddir NVC,0.125,0.28125
participant_75,CRT,0.5714285714285714,0.28125
participant_75,Mental Rot,12.0,0.28125
participant_75,verbal subst,0.0,0.28125
participant_75,Corsi,6.0,0.28125
participant_75,Syl Jaccard,0.234375,0.28125
participant_75,Syl Corr Set,0.28125,0.28125
participant_75,Syl Corr MAE,0.849609375,0.28125
participant_75,Syl Is NVC,0.109375,0.28125
participant_75,Wason,0.5,0.28125
participant_76,Cond Corr,0.5,0.58203125
participant_76,Cond Is NVC,0.25,0.58203125
participant_76,Spatial Corr,0.78125,0.58203125
participant_76,Spatial Is NVC,0.28125,0.58203125
participant_76,Arrange (Verify),0.55,0.58203125
participant_76,Arrange (Is PMM),0.25,0.58203125
participant_76,Arrange (Order),0.55,0.58203125
participant_76,Carddir NVC,0.46875,0.58203125
participant_76,CRT,0.5714285714285714,0.58203125
participant_76,Mental Rot,11.0,0.58203125
participant_76,verbal subst,0.25,0.58203125
participant_76,Corsi,7.0,0.58203125
participant_76,Syl Jaccard,0.5166666666666666,0.58203125
participant_76,Syl Corr Set,0.58203125,0.58203125
participant_76,Syl Corr MAE,0.859375,0.58203125
participant_76,Syl Is NVC,0.484375,0.58203125
participant_76,Wason,0.3333333333333333,0.58203125
participant_77,Cond Corr,0.625,0.31901041666666663
participant_77,Cond Is NVC,0.375,0.31901041666666663
participant_77,Spatial Corr,0.6875,0.31901041666666663
participant_77,Spatial Is NVC,0.1875,0.31901041666666663
participant_77,Arrange (Verify),0.8,0.31901041666666663
participant_77,Arrange (Is PMM),0.6,0.31901041666666663
participant_77,Arrange (Order),0.8,0.31901041666666663
participant_77,Carddir NVC,0.15625,0.31901041666666663
participant_77,CRT,0.42857142857142855,0.31901041666666663
participant_77,Mental Rot,8.0,0.31901041666666663
participant_77,verbal subst,0.625,0.31901041666666663
participant_77,Corsi,7.0,0.31901041666666663
participant_77,Syl Jaccard,0.2708333333333333,0.31901041666666663
participant_77,Syl Corr Set,0.31901041666666663,0.31901041666666663
participant_77,Syl Corr MAE,0.763671875,0.31901041666666663
participant_77,Syl Is NVC,0.1875,0.31901041666666663
participant_77,Wason,0.5,0.31901041666666663
participant_78,Cond Corr,0.75,0.484375
participant_78,Cond Is NVC,0.25,0.484375
participant_78,Spatial Corr,0.5,0.484375
participant_78,Spatial Is NVC,0.15625,0.484375
participant_78,Arrange (Verify),0.65,0.484375
participant_78,Arrange (Is PMM),0.35,0.484375
participant_78,Arrange (Order),0.45,0.484375
participant_78,Carddir NVC,0.5625,0.484375
participant_78,CRT,0.2857142857142857,0.484375
participant_78,Mental Rot,8.0,0.484375
participant_78,verbal subst,0.0,0.484375
participant_78,Corsi,7.0,0.484375
participant_78,Syl Jaccard,0.453125,0.484375
participant_78,Syl Corr Set,0.484375,0.484375
participant_78,Syl Corr MAE,0.83984375,0.484375
participant_78,Syl Is NVC,0.5,0.484375
participant_78,Wason,0.3333333333333333,0.484375
participant_79,Cond Corr,0.5,0.24088541666666666
participant_79,Cond Is NVC,0.0,0.24088541666666666
participant_79,Spatial Corr,0.375,0.24088541666666666
participant_79,Spatial Is NVC,0.3125,0.24088541666666666
participant_79,Arrange (Verify),0.75,0.24088541666666666
participant_79,Arrange (Is PMM),0.25,0.24088541666666666
participant_79,Arrange (Order),0.3,0.24088541666666666
participant_79,Carddir NVC,0.1875,0.24088541666666666
participant_79,CRT,0.42857142857142855,0.24088541666666666
participant_79,Mental Rot,4.0,0.24088541666666666
participant_79,verbal subst,0.25,0.24088541666666666
participant_79,Corsi,8.0,0.24088541666666666
participant_79,Syl Jaccard,0.20182291666666666,0.24088541666666666
participant_79,Syl Corr Set,0.24088541666666666,0.24088541666666666
participant_79,Syl Corr MAE,0.671875,0.24088541666666666
participant_79,Syl Is NVC,0.1875,0.24088541666666666
participant_79,Wason,0.3333333333333333,0.24088541666666666
participant_8,Cond Corr,0.875,0.69140625
participant_8,Cond Is NVC,0.375,0.69140625
participant_8,Spatial Corr,0.65625,0.69140625
participant_8,Spatial Is NVC,0.3125,0.69140625
participant_8,Arrange (Verify),0.65,0.69140625
participant_8,Arrange (Is PMM),0.3,0.69140625
participant_8,Arrange (Order),0.45,0.69140625
participant_8,Carddir NVC,0.0,0.69140625
participant_8,CRT,0.5714285714285714,0.69140625
participant_8,Mental Rot,15.0,0.69140625
participant_8,verbal subst,0.5,0.69140625
participant_8,Corsi,9.0,0.69140625
participant_8,Syl Jaccard,0.6380208333333333,0.69140625
participant_8,Syl Corr Set,0.69140625,0.69140625
participant_8,Syl Corr MAE,0.90625,0.69140625
participant_8,Syl Is NVC,0.640625,0.69140625
participant_8,Wason,0.6666666666666666,0.69140625
participant_80,Cond Corr,0.5,0.16510416666666666
participant_80,Cond Is NVC,0.0,0.16510416666666666
participant_80,Spatial Corr,0.5625,0.16510416666666666
participant_80,Spatial Is NVC,0.09375,0.16510416666666666
participant_80,Arrange (Verify),1.0,0.16510416666666666
participant_80,Arrange (Is PMM),0.6,0.16510416666666666
participant_80,Arrange (Order),1.0,0.16510416666666666
participant_80,Carddir NVC,0.0,0.16510416666666666
participant_80,CRT,0.8571428571428571,0.16510416666666666
participant_80,Mental Rot,4.0,0.16510416666666666
participant_80,verbal subst,0.0,0.16510416666666666
participant_80,Corsi,10.0,0.16510416666666666
participant_80,Syl Jaccard,0.13645833333333332,0.16510416666666666
participant_80,Syl Corr Set,0.16510416666666666,0.16510416666666666
participant_80,Syl Corr MAE,0.677734375,0.16510416666666666
participant_80,Syl Is NVC,0.109375,0.16510416666666666
participant_80,Wason,0.0,0.16510416666666666
participant_83,Cond Corr,0.75,0.5625
participant_83,Cond Is NVC,0.25,0.5625
participant_83,Spatial Corr,0.6875,0.5625
participant_83,Spatial Is NVC,0.0,0.5625
participant_83,Arrange (Verify),0.85,0.5625
participant_83,Arrange (Is PMM),0.6,0.5625
participant_83,Arrange (Order),0.95,0.5625
participant_83,Carddir NVC,0.0,0.5625
participant_83,CRT,0.5714285714285714,0.5625
participant_83,Mental Rot,8.0,0.5625
participant_83,verbal subst,0.625,0.5625
participant_83,Corsi,7.0,0.5625
participant_83,Syl Jaccard,0.47135416666666663,0.5625
participant_83,Syl Corr Set,0.5625,0.5625
participant_83,Syl Corr MAE,0.88671875,0.5625
participant_83,Syl Is NVC,0.4375,0.5625
participant_83,Wason,0.3333333333333333,0.5625
participant_84,Cond Corr,0.875,0.828125
participant_84,Cond Is NVC,0.375,0.828125
participant_84,Spatial Corr,0.90625,0.828125
participant_84,Spatial Is NVC,0.28125,0.828125
participant_84,Arrange (Verify),0.9,0.828125
participant_84,Arrange (Is PMM),0.6,0.828125
participant_84,Arrange (Order),0.85,0.828125
participant_84,Carddir NVC,0.125,0.828125
participant_84,CRT,0.8571428571428571,0.828125
participant_84,Mental Rot,11.0,0.828125
participant_84,verbal subst,0.75,0.828125
participant_84,Corsi,9.0,0.828125
participant_84,Syl Jaccard,0.7630208333333333,0.828125
participant_84,Syl Corr Set,0.828125,0.828125
participant_84,Syl Corr MAE,0.943359375,0.828125
participant_84,Syl Is NVC,0.609375,0.828125
participant_84,Wason,0.3333333333333333,0.828125
participant_85,Cond Corr,0.5,0.16536458333333334
participant_85,Cond Is NVC,0.0,0.16536458333333334
participant_85,Spatial Corr,0.28125,0.16536458333333334
participant_85,Spatial Is NVC,0.1875,0.16536458333333334
participant_85,Arrange (Verify),0.9,0.16536458333333334
participant_85,Arrange (Is PMM),0.55,0.16536458333333334
participant_85,Arrange (Order),0.85,0.16536458333333334
participant_85,Carddir NVC,0.03125,0.16536458333333334
participant_85,CRT,0.2857142857142857,0.16536458333333334
participant_85,Mental Rot,5.0,0.16536458333333334
participant_85,verbal subst,0.5,0.16536458333333334
participant_85,Corsi,7.0,0.16536458333333334
participant_85,Syl Jaccard,0.09244791666666666,0.16536458333333334
participant_85,Syl Corr Set,0.16536458333333334,0.16536458333333334
participant_85,Syl Corr MAE,0.716796875,0.16536458333333334
participant_85,Syl Is NVC,0.015625,0.16536458333333334
participant_85,Wason,0.3333333333333333,0.16536458333333334
participant_86,Cond Corr,0.75,0.546875
participant_86,Cond Is NVC,0.5,0.546875
participant_86,Spatial Corr,0.34375,0.546875
participant_86,Spatial Is NVC,0.125,0.546875
participant_86,Arrange (Verify),0.7,0.546875
participant_86,Arrange (Is PMM),0.65,0.546875
participant_86,Arrange (Order),0.7,0.546875
participant_86,Carddir NVC,1.0,0.546875
participant_86,CRT,0.7142857142857143,0.546875
participant_86,Mental Rot,10.0,0.546875
participant_86,verbal subst,0.25,0.546875
participant_86,Corsi,7.0,0.546875
participant_86,Syl Jaccard,0.5091145833333333,0.546875
participant_86,Syl Corr Set,0.546875,0.546875
participant_86,Syl Corr MAE,0.88671875,0.546875
participant_86,Syl Is NVC,0.796875,0.546875
participant_86,Wason,0.5,0.546875
participant_87,Cond Corr,0.5,0.15625
participant_87,Cond Is NVC,0.0,0.15625
participant_87,Spatial Corr,0.34375,0.15625
participant_87,Spatial Is NVC,0.125,0.15625
participant_87,Arrange (Verify),0.7,0.15625
participant_87,Arrange (Is PMM),0.0,0.15625
participant_87,Arrange (Order),0.0,0.15625
participant_87,Carddir NVC,0.0,0.15625
participant_87,CRT,0.14285714285714285,0.15625
participant_87,Mental Rot,6.0,0.15625
participant_87,verbal subst,0.0,0.15625
participant_87,Corsi,7.0,0.15625
participant_87,Syl Jaccard,0.1171875,0.15625
participant_87,Syl Corr Set,0.15625,0.15625
participant_87,Syl Corr MAE,0.8125,0.15625
participant_87,Syl Is NVC,0.125,0.15625
participant_87,Wason,0.3333333333333333,0.15625
participant_88,Cond Corr,0.625,0.1015625
participant_88,Cond Is NVC,0.125,0.1015625
participant_88,Spatial Corr,0.59375,0.1015625
participant_88,Spatial Is NVC,0.0,0.1015625
participant_88,Arrange (Verify),0.75,0.1015625
participant_88,Arrange (Is PMM),0.65,0.1015625
participant_88,Arrange (Order),0.9,0.1015625
participant_88,Carddir NVC,0.0,0.1015625
participant_88,CRT,0.14285714285714285,0.1015625
participant_88,Mental Rot,6.0,0.1015625
participant_88,verbal subst,0.0,0.1015625
participant_88,Corsi,7.0,0.1015625
participant_88,Syl Jaccard,0.06197916666666666,0.1015625
participant_88,Syl Corr Set,0.1015625,0.1015625
participant_88,Syl Corr MAE,0.70703125,0.1015625
participant_88,Syl Is NVC,0.0,0.1015625
participant_88,Wason,0.0,0.1015625
participant_9,Cond Corr,0.375,0.65625
participant_9,Cond Is NVC,0.0,0.65625
participant_9,Spatial Corr,0.75,0.65625
participant_9,Spatial Is NVC,0.25,0.65625
participant_9,Arrange (Verify),0.8,0.65625
participant_9,Arrange (Is PMM),0.7,0.65625
participant_9,Arrange (Order),0.75,0.65625
participant_9,Carddir NVC,0.09375,0.65625
participant_9,CRT,0.8571428571428571,0.65625
participant_9,Mental Rot,14.0,0.65625
participant_9,verbal subst,0.125,0.65625
participant_9,Corsi,7.0,0.65625
participant_9,Syl Jaccard,0.5885416666666666,0.65625
participant_9,Syl Corr Set,0.65625,0.65625
participant_9,Syl Corr MAE,0.89453125,0.65625
participant_9,Syl Is NVC,0.53125,0.65625
participant_9,Wason,0.6666666666666666,0.65625
participant_90,Cond Corr,0.5,0.11718749999999999
participant_90,Cond Is NVC,0.0,0.11718749999999999
participant_90,Spatial Corr,0.625,0.11718749999999999
participant_90,Spatial Is NVC,0.0625,0.11718749999999999
participant_90,Arrange (Verify),0.9,0.11718749999999999
participant_90,Arrange (Is PMM),0.6,0.11718749999999999
participant_90,Arrange (Order),0.85,0.11718749999999999
participant_90,Carddir NVC,0.0,0.11718749999999999
participant_90,CRT,0.0,0.11718749999999999
participant_90,Mental Rot,10.0,0.11718749999999999
participant_90,verbal subst,0.375,0.11718749999999999
participant_90,Corsi,7.0,0.11718749999999999
participant_90,Syl Jaccard,0.08854166666666666,0.11718749999999999
participant_90,Syl Corr Set,0.11718749999999999,0.11718749999999999
participant_90,Syl Corr MAE,0.576171875,0.11718749999999999
participant_90,Syl Is NVC,0.0,0.11718749999999999
participant_90,Wason,0.3333333333333333,0.11718749999999999
participant_91,Cond Corr,0.5,0.140625
participant_91,Cond Is NVC,0.0,0.140625
participant_91,Spatial Corr,0.3125,0.140625
participant_91,Spatial Is NVC,0.0,0.140625
participant_91,Arrange (Verify),0.5,0.140625
participant_91,Arrange (Is PMM),0.2,0.140625
participant_91,Arrange (Order),0.2,0.140625
participant_91,Carddir NVC,0.125,0.140625
participant_91,CRT,0.2857142857142857,0.140625
participant_91,Mental Rot,3.0,0.140625
participant_91,verbal subst,0.125,0.140625
participant_91,Corsi,4.0,0.140625
participant_91,Syl Jaccard,0.12760416666666666,0.140625
participant_91,Syl Corr Set,0.140625,0.140625
participant_91,Syl Corr MAE,0.724609375,0.140625
participant_91,Syl Is NVC,0.0625,0.140625
participant_91,Wason,0.0,0.140625
participant_92,Cond Corr,0.5,0.22526041666666669
participant_92,Cond Is NVC,0.0,0.22526041666666669
participant_92,Spatial Corr,0.4375,0.22526041666666669
participant_92,Spatial Is NVC,0.03125,0.22526041666666669
participant_92,Arrange (Verify),0.7,0.22526041666666669
participant_92,Arrange (Is PMM),0.5,0.22526041666666669
participant_92,Arrange (Order),0.75,0.22526041666666669
participant_92,Carddir NVC,0.0,0.22526041666666669
participant_92,CRT,0.7142857142857143,0.22526041666666669
participant_92,Mental Rot,5.0,0.22526041666666669
participant_92,verbal subst,0.625,0.22526041666666669
participant_92,Corsi,9.0,0.22526041666666669
participant_92,Syl Jaccard,0.21067708333333332,0.22526041666666669
participant_92,Syl Corr Set,0.22526041666666669,0.22526041666666669
participant_92,Syl Corr MAE,0.77734375,0.22526041666666669
participant_92,Syl Is NVC,0.234375,0.22526041666666669
participant_92,Wason,0.0,0.22526041666666669
participant_94,Cond Corr,0.5,0.4375
participant_94,Cond Is NVC,0.0,0.4375
participant_94,Spatial Corr,0.84375,0.4375
participant_94,Spatial Is NVC,0.28125,0.4375
participant_94,Arrange (Verify),0.8,0.4375
participant_94,Arrange (Is PMM),0.45,0.4375
participant_94,Arrange (Order),0.65,0.4375
participant_94,Carddir NVC,0.28125,0.4375
participant_94,CRT,0.8571428571428571,0.4375
participant_94,Mental Rot,19.0,0.4375
participant_94,verbal subst,0.5,0.4375
participant_94,Corsi,7.0,0.4375
participant_94,Syl Jaccard,0.3645833333333333,0.4375
participant_94,Syl Corr Set,0.4375,0.4375
participant_94,Syl Corr MAE,0.86328125,0.4375
participant_94,Syl Is NVC,0.21875,0.4375
participant_94,Wason,0.5,0.4375
participant_96,Cond Corr,0.5,0.5859375
participant_96,Cond Is NVC,0.0,0.5859375
participant_96,Spatial Corr,0.53125,0.5859375
participant_96,Spatial Is NVC,0.09375,0.5859375
participant_96,Arrange (Verify),1.0,0.5859375
participant_96,Arrange (Is PMM),0.6,0.5859375
participant_96,Arrange (Order),0.85,0.5859375
participant_96,Carddir NVC,0.0,0.5859375
participant_96,CRT,0.5714285714285714,0.5859375
participant_96,Mental Rot,3.0,0.5859375
participant_96,verbal subst,0.625,0.5859375
participant_96,Corsi,9.0,0.5859375
participant_96,Syl Jaccard,0.57421875,0.5859375
participant_96,Syl Corr Set,0.5859375,0.5859375
participant_96,Syl Corr MAE,0.89453125,0.5859375
participant_96,Syl Is NVC,0.734375,0.5859375
participant_96,Wason,0.5,0.5859375
participant_99,Cond Corr,0.625,0.36328125
participant_99,Cond Is NVC,0.125,0.36328125
participant_99,Spatial Corr,0.53125,0.36328125
participant_99,Spatial Is NVC,0.03125,0.36328125
participant_99,Arrange (Verify),0.65,0.36328125
participant_99,Arrange (Is PMM),0.55,0.36328125
participant_99,Arrange (Order),0.7,0.36328125
participant_99,Carddir NVC,0.125,0.36328125
participant_99,CRT,0.2857142857142857,0.36328125
participant_99,Mental Rot,5.0,0.36328125
participant_99,verbal subst,0.875,0.36328125
participant_99,Corsi,6.0,0.36328125
participant_99,Syl Jaccard,0.30859375,0.36328125
participant_99,Syl Corr Set,0.36328125,0.36328125
participant_99,Syl Corr MAE,0.83203125,0.36328125
participant_99,Syl Is NVC,0.4375,0.36328125
participant_99,Wason,0.0,0.36328125
